repo,is_community,category
mattermost-server,true,platform
platform-private,false,private
desktop,true,platform
process,false,private
mattermost-integration-gitlab,false,integration
mattermost-integration-giphy,false,integration
enterprise,false,private
marked,false,forked
docs,true,docs
mattermost-docker,false,deployment
mattermost-push-proxy,true,platform
mattermost-ios-classic,true,platform
licensing,false,private
internal-ops,false,private
old-mattermod,false,private
mattermost-android-classic,true,platform
rsc,false,forked
mattermost-driver-javascript,false,integration
mattermost-docker-preview,false,deployment
mattermost-oauth2-client-sample,false,integration
mattermost-bot-sample-golang,false,integration
mattermost-react-native,false,private
mattermost-website-org,false,private
mattermost-heroku,false,deployment
mattermost-api-reference,true,docs
mattermost-load-test,true,platform
mattermost-mobile,true,platform
mattermost-mobile-private,false,private
log4go,false,forked
graceful,false,forked
mattermost-webrtc,false,integration
mattermost-platform-shift,false,private
mattermost-selenium,false,development
commonmark.js,false,forked
commonmark-react-renderer,false,forked
html2text,false,forked
mattermost-redux,true,platform
mattermost-helm,false,platform
redux-offline,false,forked
mattermost-mattermod,false,development
gcm,false,forked
gorp,false,forked
mattermost-elasticsearch-docker,false,development
react-native-notifications,false,forked
matterbuild,false,development
mattermost-developer-documentation,true,docs
react-native-local-auth,false,forked
mattermost-developer-kit,false,development
mattermost-interactive-post-demo,false,integration
mattermost-dev-ops,false,private
mattermost-webapp,true,platform
mattermost-build,false,development
mattermost-build-private,false,private
mattermost-plugin-jira,pluginintegration
mattermost-plugin-zoom,pluginintegration
mattermost-webapp-profiling,false,development
mattermost-plugin-memes,pluginintegration
go-bindata,false,forked
mattermost-plugin-github,pluginintegration
mattermost-plugin-jitsi,pluginintegration
mattermost-shared-pipelines,false,private
react-native-fetch-blob,false,forked
build-environment-backups,false,private
viper,false,forked
minio-go,false,forked
react-native-image-gallery,false,forked
helm-elasticsearch,false,forked
mattermost-handbook-1,false,docs
mattermost-plugin-profanity-filter,pluginintegration
react-native-device-info,false,forked
mattermost-plugins,pluginintegration
rn-placeholder,false,forked
mattermost-utilities,true,platform
mattermost-plugin-autolink,pluginintegration
react-native-youtube,false,forked
mattermost-plugin-starter-template,pluginintegration
mattermost-plugin-demo,pluginintegration
mattermost-plugin-antivirus,pluginintegration
mattermost-chrome-extension,false,integration
playbook,false,private
mattermost-vagrant-galera-sample,false,deployment
react-native-recyclerview-list,false,forked
mattermost-redhat-docker,false,deployment
mattermost-plugin-walltime,pluginintegration
mattermost-plugin-autotranslate,pluginintegration
react-native-calendars,false,forked
mattermost-plugin-welcomebot,pluginintegration
eslint-plugin-mattermost,false,development
mmctl,true,platform
mattermost-plugin-giphy,pluginprivate
mattermost-plugin-demo-creator,pluginintegration
mattermost-plugin-todo-old,pluginprivate
mattermost-plugin-email-reply,pluginintegration
mattermost-plugin-true,,pluginintegration
mattermost-plugin-custom-attributes,pluginintegration
react-window,false,development
mattermost-plugin-aws-SNS,pluginintegration
mattermost-operator,false,deployment
mattermost-plugin-nps,pluginplatform
imageproxy,false,forked
mattermost-plugin-jenkins,pluginintegration
mattermost-plugin-gitlab,pluginintegration
mattermost-plugin-skype4business,pluginintegration
mattermost-cloud,false,platform
mattermost-metrics-server,false,development
go-i18n,false,forked
mattermost-devops,false,private
react-bootstrap,false,forked
react-native-webview,false,forked
mattermost-cloud-monitoring,false,development
react-native-keyboard-tracking-view,false,forked
react-select,false,forked
circleci-orbs,false,development
mattermost-mlt,false,private
mattermost-sa-demo,false,private
mattermost-plugin-suggestions,pluginintegration
mattermost-plugin-cloud,pluginintegration
mattermost-plugin-oembed,pluginintegration
mattermost-patch-management,false,private
mattermost-marketplace,false,platform
react-native-doc-viewer,false,forked
mattermost-plugin-webex,pluginintegration
internal-docs,false,private
action-mattermost-notify,false,development
mattermost-plugin-docup,pluginintegration
mattermost-plugin-workflow,pluginprivate
ldap,false,forked
mattermost-plugin-canary,pluginintegration
mmetl,false,platform
react-smooth-dnd,false,forked
react-native-cookies,false,forked
mattermost-plugin-mscalendar,pluginintegration
mattermost-sa-code,false,development
mattermost-handbook,false,docs
gosaml2,false,forked
mattermost-hackathon-nov2019,true,hackathon
mattermost-plugin-google-calendar,pluginintegration
mattermost-load-test-ng,false,platform
mattermost-plugin-todo,pluginintegration
mattermost-plugin-agenda,pluginintegration
mattermost-plugin-api,pluginintegration
mattermost-govet,false,development
.github,false,development
mattermost-hackathon-hackerearth-jan2020,true,hackathon
mattermost-plugin-solar-lottery,pluginintegration
customer-web-server,false,private
mattermost-plugin-nop,pluginintegration
mattermost-packer,false,private
mattermost-looker,false,development
mattermost-data-warehouse,false,private
linuxbrew-core,false,forked
homebrew-core,false,forked
blubr,false,development
mattermost-plugin-confluence,pluginintegration
mattermost-for-confluence,false,integration
mattermost-plugin-workflow-client,pluginintegration
mattermost-away-reminder,false,forked
mattermost-data-warehouse-internal,false,development
mattermost-documentation,false,docs
mattermost-plugin-incident-response,pluginprivate
internal-workflows,false,private
mattermost-plugin-channel-export,pluginprivate
security-infrastructure,false,private
test-repository,false,private
blapi,false,private
matterwick,false,development
react-native-v8,false,forked
dynamic-virtualized-list,false,development
mattermost-plugin-digitalocean,pluginprivate
mattermost-qa-automation,false,development
license-generator,false,private
security-automation-config,false,development
chewbacca,false,development
mattermost-plugin-webrtc-video,pluginprivate
mattermost-plugin-giphy-moussetc,pluginprivate
mattermost.com,false,private
integrations.mattermost.com,false,private
mattermost-cloud-database-factory,false,development
circleci-sec-test,false,private
